id;first_name;last_name;telephone;birthday date ;place;parent_adress and tel;other info
1;carle;Jean1;devcarle@gmail.com;30/10/2000;Yde1;Yde1 696979039;none
2;carle;Jean2;devcarle@gmail.com;31/10/2000;Yde2;Yde1 696979040;none
3;carle;Jean3;devcarle@gmail.com;01/11/2000;Yde3;Yde1 696979041;none
4;carle;Jean4;devcarle@gmail.com;02/11/2000;Yde4;Yde1 696979042;none
5;carle;Jean5;devcarle@gmail.com;03/11/2000;Yde5;Yde1 696979043;none
6;carle;Jean6;devcarle@gmail.com;04/11/2000;Yde6;Yde1 696979044;none
7;carle;Jean7;devcarle@gmail.com;05/11/2000;Yde7;Yde1 696979045;none
8;carle;Jean8;devcarle@gmail.com;06/11/2000;Yde8;Yde1 696979046;none
9;carle;Jean9;devcarle@gmail.com;07/11/2000;Yde9;Yde1 696979047;none
10;carle;Jean10;tsimikl237@gmail.com;08/11/2000;Yde10;Yde1 696979048;none
11;carle;Jean11;tsimikl237@gmail.com;09/11/2000;Yde11;Yde1 696979049;none
12;carle;Jean12;tsimikl237@gmail.com;10/11/2000;Yde12;Yde1 696979050;none
13;carle;Jean13;tsimikl237@gmail.com;11/11/2000;Yde13;Yde1 696979051;none
14;carle;Jean14;tsimikl237@gmail.com;12/11/2000;Yde14;Yde1 696979052;none
15;carle;Jean15;tsimikl237@gmail.com;13/11/2000;Yde15;Yde1 696979053;none
16;carle;Jean16;tsimikl237@gmail.com;14/11/2000;Yde16;Yde1 696979054;none
17;carle;Jean17;tsimikl237@gmail.com;15/11/2000;Yde17;Yde1 696979055;none
18;carle;Jean18;tsimikl237@gmail.com;16/11/2000;Yde18;Yde1 696979056;none
19;carle;Jean19;tsimikl237@gmail.com;17/11/2000;Yde19;Yde1 696979057;none
20;carle;Jean20;tsimikl237@gmail.com;18/11/2000;Yde20;Yde1 696979058;none
21;carle;Jean21;tsimikl237@gmail.com;19/11/2000;Yde21;Yde1 696979059;none
22;carle;Jean22;tsimikl237@gmail.com;20/11/2000;Yde22;Yde1 696979060;none
23;carle;Jean23;tsimikl237@gmail.com;21/11/2000;Yde23;Yde1 696979061;none
